Phrase,Answer
What do you get when you cross a force with not full?,physical thin
What do you get when you cross a worry with not undue?,due worries
What do you get when you cross a calm with a twist?,philosophical worms
What do you get when you cross a sense with an acid?,strong zen
What do you get when you cross next to with a tyne_river?,nearby tyne
What do you get when you cross a delete with not a level?,deleterious erect
What do you get when you cross an afford with a yeah?,affordable yea
What do you get when you cross a part with not live?,dead roof
What do you get when you cross a press with a company?,select troupe
What do you get when you cross an adventure with not undue?,due adventures
What do you get when you cross a space with not undue?,due star
What do you get when you cross a mission with not undue?,due missions
What do you get when you cross a wonder with a sur?,wonderful tyre
What do you get when you cross a wish with a cuddle?,nest wishes
What do you get when you cross an effect with open?,effective surface
What do you get when you cross a brick with a cycle?,ceramic biking
What do you get when you cross a japan with not undue?,due lexus
What do you get when you cross next with a pay?,following wages
What do you get when you cross older with huge?,lower vast
What do you get when you cross a sure with a sur?,certain tyre
What do you get when you cross a set with a ball?,formal process
What do you get when you cross a pepper with not live?,dead peppers
What do you get when you cross a time with not undue?,due physics
What do you get when you cross a part with not undue?,due hair
What do you get when you cross new with not a man?,modern woman
What do you get when you cross an environment with a wrist?,environmental wrists
What do you get when you cross a school with full?,wide students
What do you get when you cross a people with a column?,public tower
What do you follow that is a cuddle?,nest advice
What do you get when you cross a quality with a flavor?,pure season
What do you get when you cross a protect with open?,protective surface
What do you take that is next to?,nearby yields
What do you get when you cross separate with a head?,abstract principals
What do you get when you cross american football with a yeah?,brutal yea
What do you get when you cross an africa with not a husband?,african wife
What do you save that is different?,various writes
What do you get when you cross different with a predator?,various vultures
What do you get when you cross a woman with full?,wide women
What do you get when you cross a study with not undue?,due studies
What do you get when you cross a honor with a zest?,sacred spice
What do you flying that is a crock?,winged soot
What do you get when you cross a right with not a man?,smart woman
What do you get when you cross a king with a column?,sovereign tower
What do you get when you cross a training with a column?,corporate tower
What do you get when you cross a water with a straw?,dried wheat
What do you get when you cross a mode with a swede?,moderate swedes
What do you get when you cross a people with a fire?,human burning
What do you get when you cross a people with a course?,democratic trends
What do you get when you cross a house with full?,wide houses
What do you get when you cross real with a kraft_paper?,genuine kraft
What do you get when you cross an outfit with not undue?,due outfits
What do you get when you cross a strike with not full?,striking thin
What do you get when you cross an office with not undue?,due leadership
What do you get when you cross a state with not a wild?,full tame
What do you get when you cross a damp with not a level?,dampening erect
What do you designed that is a yeah?,foolproof yea
What do you get when you cross a life with strong?,urban warm
What do you get when you cross an effect with a burn?,dramatic biting
What do you get when you cross a demonstrative with a carpus?,illustrative wrist
What do you get when you cross a period with a bone?,glacial oss
What do you get when you cross a work with not black?,white job
What do you get when you cross a perfect with a twist?,flawless spin
What do you get when you cross an eclipse with a wine_maker?,eclipsing winery
What do you get when you cross individual with a surge?,special zoom
What do you become new that is an acid?,old zen
What do you get when you cross real with a column?,actual tower
What do you get when you cross a people with particular?,special organization
What do you get when you cross a people with a wild?,public waste
What do you get when you cross a facts with a genus_zeus?,deliberate zeus
What do you get when you cross a man with not black?,white guy
What do you get when you cross a material with not live?,dead satin
What do you save that is a day?,daily write
What do you get when you cross spanish with a fish?,mexican fishes
What do you save that is a flash?,flashing writes
What do you get when you cross a people with an enjoy?,human revel
What do you get when you cross a time with a self-will?,temporary possession
What do you get when you cross a version with not undue?,due versions
What do you get when you cross a candidate with a cuddle?,nest candidates
What do you get when you cross true with a yeah?,correct yea
What do you get when you cross an import with a wood?,imported woods
